index_column,target_processed,predicted
23654,['xxtsart amei xxend'],gostei muito do produto xxend
15795,['xxtsart bateria xxend'],não gostei xxend
860,['xxtsart simplesmente ótimo xxend'],muito bom xxend
5390,['xxtsart material médio xxend'],gostei do produto xxend
21575,['xxtsart falta de informação xxend'],não gostei xxend
11964,['xxtsart uma escova que esquenta xxend'],bom xxend
11284,['xxtsart muito bom xxend'],muito bom xxend
22118,['xxtsart excelente xxend'],excelente xxend
6265,['xxtsart marreta do thor xxend'],excelente xxend
16850,['xxtsart podem me esclarecer essa dúvida ? xxend'],não gostei do produto xxend
4426,['xxtsart bom xxend'],bom xxend
21962,['xxtsart não atende as expectativas xxend'],produto de qualidade xxend
14423,['xxtsart faltam funções facilitadoras xxend'],não gostei xxend
11363,['xxtsart extremamente fragil xxend'],produto não funciona xxend
16023,['xxtsart entrega e produto no prazo xxend'],gostei xxend
8322,['xxtsart não recebi xxend'],não recebi o produto xxend
1685,['xxtsart muito feliz xxend'],gostei muito do produto xxend
769,['xxtsart alto nível de confiança xxend'],produto muito bom xxend
23333,['xxtsart boa ferramenta xxend'],frete abusivo xxend
2433,"['xxtsart um bom produto, fácil de instalar, até o momento esta me satisfazendo. xxend']",bom xxend
5311,['xxtsart não recebi meu produto! xxend'],não recebi o produto xxend
5051,"['xxtsart gostei do produto, me parece de boa qualidade xxend']",gostei do produto xxend
6420,['xxtsart muito bom xxend'],gostei xxend
17568,['xxtsart muito bom o produto xxend'],gostei muito do produto xxend
20939,['xxtsart bom xxend'],não gostei do produto xxend
19769,['xxtsart ótimo produto xxend'],gostei muito do produto xxend
6396,['xxtsart gostei malha muito boa xxend'],não gostei xxend
8666,['xxtsart produto excelente xxend'],excelente xxend
25658,['xxtsart produto otimo xxend'],gostei muito do produto xxend
18942,['xxtsart comparação xxend'],propaganda enganosa xxend
24233,['xxtsart ótima compra xxend'],gostei muito do produto xxend
18431,['xxtsart bom custo x beneficio xxend'],bom produto xxend
2747,['xxtsart vale a pena ter um tanquinho desse xxend'],muito bom xxend
25551,['xxtsart bom xxend'],muito bom xxend
26382,['xxtsart excelente xxend'],produto muito bom xxend
189,['xxtsart lâmpada excelente xxend'],excelente xxend
19118,['xxtsart o produto é bom! xxend'],gostei muito do produto xxend
3005,['xxtsart fone de ouvido sony xxend'],produto de baixa qualidade xxend
21042,['xxtsart material de baixa qualidade xxend'],péssimo xxend
1899,['xxtsart ótima qualidade xxend'],gostei muito do produto xxend
24118,['xxtsart ótimo xxend'],excelente xxend
1267,['xxtsart ótimo xxend'],Ótimo produto xxend
17912,['xxtsart ruim falso xxend'],produto falsificado xxend
11394,['xxtsart muito top!! xxend'],gostei muito do produto xxend
3556,['xxtsart fácil manejo xxend'],produto muito bom xxend
3890,['xxtsart gostei muito das panelas xxend'],gostei muito do produto xxend
8838,['xxtsart não entregam xxend'],não recebi o produto xxend
14502,['xxtsart produto de boa qualidade. xxend'],produto de qualidade xxend
21777,"['xxtsart otimo produto, péssima entrega! xxend']",gostei muito do produto xxend
10627,['xxtsart entrega em atraso xxend'],não recebi o produto xxend
8792,['xxtsart produto bom xxend'],bom xxend
10555,['xxtsart gostei muito desse produto. xxend'],muito bom xxend
10253,['xxtsart muito bom xxend'],muito bom xxend
8433,['xxtsart banheira millenia burigotto xxend'],gostei muito do produto xxend
10233,['xxtsart produto excelente xxend'],muito bom xxend
11016,"['xxtsart qualidade do material boa, conteúdo nem tanto. xxend']",não gostei xxend
23897,"['xxtsart nao gostei, nao prestou xxend']",excelente xxend
2612,['xxtsart maravilhoso xxend'],muito bom xxend
23425,['xxtsart linda xxend'],muito bom xxend
25939,['xxtsart adorei! xxend'],produto de qualidade xxend
22619,['xxtsart quebra o galho xxend'],produto de baixa qualidade xxend
21870,['xxtsart ótima xxend'],muito bom xxend
23483,['xxtsart produto excelente recomendo xxend'],excelente xxend
26054,['xxtsart frete absurdo xxend'],propaganda enganosa xxend
15787,['xxtsart pessima qualidade xxend'],produto de baixa qualidade xxend
17159,['xxtsart muito bom !!!! xxend'],muito bom xxend
12206,['xxtsart otimo produto xxend'],Ótimo produto xxend
8226,['xxtsart ótimo produto xxend'],gostei muito do produto xxend
14541,['xxtsart smartphone samsung galaxy j7 xxend'],gostei muito do produto xxend
3152,['xxtsart prática e resistente xxend'],gostei muito do produto xxend
1585,['xxtsart produto é bom xxend'],bom xxend
3943,['xxtsart muito boa tv! xxend'],excelente produto xxend
23939,['xxtsart ótima xxend'],muito bom xxend
19457,['xxtsart um bom aparelho para tv da sala xxend'],muito bom xxend
1021,['xxtsart baixo nivel de qualidade xxend'],produto de baixa qualidade xxend
11653,"['xxtsart este recebi bem embalado e bem selecionado, outros prime nao xxend']",produto com defeito xxend
10805,['xxtsart capa xxend'],gostei xxend
13417,['xxtsart bom. mas já chegou com a lâmpada queimada. xxend'],bom xxend
20227,['xxtsart muito ruim xxend'],nÃo recebi o produto xxend
7989,['xxtsart gostei muito do produto xxend'],gostei muito do produto xxend
9692,['xxtsart muito bom o livro! xxend'],livro falso xxend
12990,['xxtsart acabamento muito lindo xxend'],impressão de altíssima qualidade xxend
6873,['xxtsart muito ruim! xxend'],não funciona xxend
5675,['xxtsart não é full hd xxend'],produto de boa qualidade xxend
161,['xxtsart maravilhosa! xxend'],gostei muito do produto xxend
4297,['xxtsart produto de péssima qualidade.. não funciona a tecla menu desliga o parelho. xxend'],não gostei xxend
995,['xxtsart otimo xxend'],Ótimo produto xxend
11534,['xxtsart insatisfeito xxend'],não recebi o produto xxend
7629,['xxtsart nao gostei xxend'],bom xxend
25851,['xxtsart decepcionável xxend'],não gostei do produto xxend
1016,['xxtsart achei estranho xxend'],gostei xxend
24253,['xxtsart ruim xxend'],nao gostei xxend
22823,['xxtsart amei xxend'],produto maravilhoso xxend
24276,['xxtsart demora na entrega e ficou faltando material xxend'],bom produto xxend
23247,['xxtsart paguei por um produto e me entregarão outro xxend'],nao recebi xxend
24300,['xxtsart quais as dimençoes do produto???? xxend'],não gostei xxend
8529,['xxtsart gostei do produto xxend'],bom produto xxend
17262,['xxtsart excelente xxend'],produto de qualidade xxend
9268,['xxtsart perfeito xxend'],muito bom xxend
21271,"['xxtsart pessima qualidade, quebrou o suporte quando levei para pesar as malas, rodas se gastaram na segunda caminhada até o carro xxend']",produto falsificado xxend
12185,['xxtsart péssimo produto xxend'],não gostei xxend
21243,['xxtsart hiper satisfeita com o produto! xxend'],gostei muito do produto xxend
6331,['xxtsart equipamento errado xxend'],produto com defeito xxend
8571,['xxtsart melhor compra do ano xxend'],gostei muito do produto xxend
25068,['xxtsart produto de alta resistencia xxend'],muito bom xxend
7208,['xxtsart um bom produto! xxend'],produto com defeito xxend
5276,['xxtsart veio todo quebrado por dentro xxend'],produto com defeito xxend
18446,['xxtsart produto ainda não entregue xxend'],produto não entregue xxend
16448,['xxtsart maravilhoso xxend'],muito bom xxend
16216,['xxtsart comprei lebre e recebi gato xxend'],não gostei xxend
8006,['xxtsart produto chegou super atrasado e quebrado. e a qualidade ruim. xxend'],produto não chegou xxend
2568,['xxtsart compra cancelada xxend'],não recebi o produto xxend
21847,['xxtsart bom produto conforme presenteado. xxend'],muito bom xxend
2027,['xxtsart não recebi até hoje xxend'],não recebi o produto xxend
2695,['xxtsart gostei do produto xxend'],bom produto xxend
26071,"['xxtsart gostei muito, entrega super rápida! xxend']",excelente produto xxend
15422,['xxtsart muito satisfeita !!! xxend'],amei xxend
5258,['xxtsart gostei do produto xxend'],gostei muito do produto xxend
22002,['xxtsart muito bom o produto xxend'],muito bom xxend
6736,['xxtsart ótimo xxend'],muito bom xxend
391,"['xxtsart prática, bonita e resistente xxend']",melhor custo benefício xxend
13986,['xxtsart tenho o produto funciona muito bem xxend'],muito bom xxend
12666,['xxtsart maravilhoso xxend'],gostei muito do produto xxend
5892,['xxtsart album preto pvc para 200 moedas bolsas 40x40mm com aba -2arg xxend'],gostei do produto xxend
3561,['xxtsart bom... xxend'],excelente xxend
6184,['xxtsart niver marido xxend'],gostei muito do produto xxend
19483,['xxtsart maravilhoso. xxend'],excelente xxend
22662,['xxtsart bom xxend'],muito bom xxend
8392,['xxtsart não gostei desse produto xxend'],muito bom xxend
13067,['xxtsart mesa xxend'],não recebi o produto xxend
15265,['xxtsart ótimo xxend'],muito bom xxend
19488,['xxtsart muito bom xxend'],excelente xxend
23599,['xxtsart panela muito boa!!! xxend'],muito bom xxend
2454,['xxtsart produto muito bom xxend'],Ótimo produto xxend
11837,['xxtsart ótimo a qualidade xxend'],gostei muito do produto xxend
14039,['xxtsart regular xxend'],produto errado xxend
25380,['xxtsart adorei xxend'],muito bom xxend
19115,['xxtsart ótimo produto xxend'],gostei do produto xxend
10965,"['xxtsart quando receber poderei fazer a avaliação,  seu pedido foi preparado para envio 13/12/2017 17:00 e ainda não recebi.... xxend']",entrega atrasada xxend
24538,['xxtsart produto inferior xxend'],produto de baixa qualidade xxend
9762,['xxtsart excelente! xxend'],excelente xxend
5056,['xxtsart não alisa xxend'],não gostei xxend
14948,['xxtsart excelente produto xxend'],gostei muito do produto xxend
8110,['xxtsart produto atendeu minhas necessidades. xxend'],gostei muito do produto xxend
13773,['xxtsart excelente desempenho xxend'],excelente produto xxend
20224,['xxtsart compra nas americanas xxend'],produto de boa qualidade xxend
17412,['xxtsart muito excelente xxend'],muito bom xxend
23769,['xxtsart geladeira brastemp xxend'],muito bom xxend
502,['xxtsart eu compro novamente. xxend'],gostei do produto xxend
6910,['xxtsart muito bom! xxend'],gostei muito do produto xxend
12685,['xxtsart comprei para meu filho... ele gostou muito xxend'],gostei do produto xxend
25446,['xxtsart show!!! xxend'],excelente xxend
23322,['xxtsart propaganda enganosa xxend'],péssimo produto xxend
20872,['xxtsart ok xxend'],produto muito bom xxend
206,['xxtsart gostei demais do produto xxend'],excelente produto xxend
21518,['xxtsart gostei muito do produto! xxend'],produto muito bom xxend
22361,['xxtsart livro ótimo xxend'],muito bom xxend
24105,['xxtsart adorei. muito boa xxend'],gostei do produto xxend
23419,['xxtsart moderna e super útil xxend'],excelente xxend
17868,['xxtsart entrega xxend'],não gostei xxend
24242,['xxtsart tv xxend'],excelente produto xxend
15934,['xxtsart foi um presente xxend'],gostei xxend
17247,['xxtsart uma maravilha! xxend'],muito bom xxend
19174,['xxtsart excelente produto xxend'],produto ótimo xxend
23792,['xxtsart mutio bom xxend'],produto de qualidade xxend
8755,['xxtsart ótimo xxend'],amei xxend
21500,['xxtsart produto ok xxend'],gostei do produto xxend
12383,['xxtsart adorei o produto xxend'],adorei xxend
22403,['xxtsart cabide gancho de porta xxend'],gostei xxend
18141,['xxtsart produto falsificado xxend'],produto nÃo entregue xxend
14820,['xxtsart avaliação xxend'],produto de péssima qualidade xxend
7574,['xxtsart ficou bom xxend'],nao gostei xxend
6374,['xxtsart gostei xxend'],gostei xxend
23276,['xxtsart recomendo esse produto xxend'],amei xxend
1678,['xxtsart excelente - superou as expectativas xxend'],muito bom xxend
19626,['xxtsart gostei do produto xxend'],excelente produto xxend
21020,['xxtsart bom produto (com ressalvas) xxend'],bom produto xxend
1059,['xxtsart promoção xxend'],não gostei xxend
23052,"['xxtsart fácil de montar, bonito e bem dividido xxend']",gostei do produto xxend
16198,['xxtsart ótimo! xxend'],produto muito bom xxend
9914,['xxtsart o produto esta com defeito xxend'],produto com defeito xxend
19541,['xxtsart muito bom xxend'],muito bom xxend
22299,['xxtsart ótima xxend'],produto muito bom xxend
10817,['xxtsart bom produto xxend'],gostei xxend
10921,['xxtsart defeito e quebrado xxend'],veio com defeito xxend
9789,['xxtsart adorei o produto para recolher principalmente cabelos. xxend'],otimo xxend
16312,['xxtsart simples e funcional xxend'],produto bom xxend
11252,['xxtsart não recebi ainda xxend'],não recebi o produto xxend
2693,['xxtsart muito bom xxend'],muito bom xxend
13931,['xxtsart boneca xxend'],excelente xxend
3627,['xxtsart excelente produto xxend'],excelente produto xxend
25939,['xxtsart adorei! xxend'],produto de qualidade xxend
16157,['xxtsart achei o produto de ótima qualidade xxend'],gostei muito do produto xxend
10173,['xxtsart amei o produto xxend'],excelente xxend
21834,['xxtsart muito bom xxend'],gostei muito do produto xxend
18047,['xxtsart não segura o vácuo xxend'],produto muito bom xxend
26105,['xxtsart aprovado xxend'],muito bom xxend
10230,['xxtsart ótimo produto xxend'],Ótimo produto xxend
15707,['xxtsart lixeira dupla aço inox 32l xxend'],excelente xxend
21976,['xxtsart gostei muito xxend'],Ótimo produto xxend
11494,['xxtsart gostei do produto xxend'],gostei do produto xxend
23776,['xxtsart aconselho a compra xxend'],produto chegou com defeito xxend
1306,['xxtsart 1 mês de uso e já tá indo para a assistência xxend'],não gostei xxend
6776,['xxtsart defeito de impressão xxend'],nao gostei xxend
22248,['xxtsart foto com 4 latas xxend'],excelente produto xxend
9474,['xxtsart não recebi o produto xxend'],não recebi o produto xxend
7526,['xxtsart pessima qualidade xxend'],produto de baixa qualidade xxend
25285,['xxtsart jogo fifa 18 xxend'],excelente xxend
21959,['xxtsart manutenção não atendida xxend'],não gostei xxend
5530,['xxtsart gostei muito do produto xxend'],bom produto xxend
20797,['xxtsart informação xxend'],frete xxend
3748,['xxtsart pokemon moon xxend'],gostei xxend
13545,['xxtsart original xxend'],Ótimo produto xxend
663,['xxtsart produto bom xxend'],frete xxend
1998,['xxtsart 0 para a entrega. xxend'],não recebi o produto xxend
7994,['xxtsart tampa xxend'],gostei xxend
17879,['xxtsart gostei muito do produto xxend'],bom produto xxend
3304,['xxtsart entregaram errado e não estou conseguindo corrigir xxend'],produto errado xxend
20147,"['xxtsart preço bom, longa durabilidade xxend']",bom xxend
21616,['xxtsart gostei do produto e da rapidez na entrega. xxend'],gostei muito do produto xxend
18237,['xxtsart ok xxend'],ok xxend
13808,['xxtsart péssimo atendimento xxend'],produto com defeito xxend
6585,['xxtsart falta de informação xxend'],propaganda enganosa xxend
17675,"['xxtsart gostei do produto,ainda nao comprei. xxend']",gostei xxend
19965,['xxtsart regular xxend'],não é original xxend
11649,['xxtsart galera não comprem é fraude xxend'],não comprem xxend
23938,['xxtsart fraco xxend'],não gostei xxend
23664,['xxtsart ferramenta indescritível! simplesmente fantástica! xxend'],marreta do thor xxend
1636,['xxtsart eu amei o produto xxend'],excelente xxend
20080,['xxtsart garante uma bela jogatina xxend'],muito bom xxend
17082,['xxtsart gostei atende munha necessidade xxend'],gostei do produto xxend
4737,['xxtsart ótimo produto. qualidade da imagem superior. xxend'],Ótimo produto xxend
14555,['xxtsart 5 estrelas xxend'],gostei muito do produto xxend
13877,['xxtsart excelente xxend'],produto muito bom xxend
854,['xxtsart excelente produto. xxend'],muito bom xxend
24548,['xxtsart não recebi xxend'],não gostei xxend
5855,['xxtsart produto ruim xxend'],péssima qualidade xxend
7392,['xxtsart ótimo produto xxend'],muito bom xxend
22912,['xxtsart super recomendo xxend'],muito bom xxend
13949,['xxtsart avaliação do produto xxend'],excelente xxend
21633,['xxtsart excelente aparelho xxend'],Ótimo produto xxend
21556,['xxtsart bom aparelho xxend'],gostei muito do produto xxend
18091,['xxtsart impressora epson xxend'],excelente xxend
5791,['xxtsart muito bom! xxend'],produto de qualidade xxend
26309,['xxtsart multifuncional hp xxend'],excelente produto xxend
21919,"['xxtsart bom, nem tanto. xxend']",gostei xxend
4931,['xxtsart bom xxend'],não gostei do produto xxend
19894,['xxtsart meu gato ama demais xxend'],excelente xxend
202,['xxtsart game naruto shippuden xxend'],muito bom xxend
11447,['xxtsart excelente xxend'],excelente produto xxend
20602,['xxtsart sonho de consumo e muito lindo xxend'],o produto é lindo xxend
12688,['xxtsart nao tive sorte xxend'],nao comprem xxend
25342,['xxtsart não funciona direito xxend'],péssimo xxend
4389,['xxtsart não é o que eu esperava. xxend'],excelente xxend
2327,['xxtsart péssimo xxend'],produto ruim xxend
8004,['xxtsart game fifa 18 - xbox 360 xxend'],gostei muito do produto xxend
19315,['xxtsart ótimo produto xxend'],gostei muito do produto xxend
7777,['xxtsart bbommmmmmmmmmmmmmmmmmmmmmmmmbbbbbobbbooo xxend'],gostei xxend
197,['xxtsart bom xxend'],muito bom xxend
23509,['xxtsart esperava mais do produto. xxend'],não gostei do produto xxend
1930,"['xxtsart bom, mas... xxend']",bom produto xxend
11774,['xxtsart gostei do produto xxend'],excelente xxend
15087,['xxtsart gostei muito do produto!!!!!!!!!!!!!!!!!! xxend'],gostei muito do produto xxend
22671,['xxtsart ótimo produto xxend'],lindo xxend
25184,['xxtsart excelente xxend'],muito bom xxend
9339,['xxtsart carrega muito rápido o celular!! xxend'],não gostei xxend
20666,['xxtsart adorei o produto! xxend'],gostei muito do produto xxend
11589,['xxtsart gostei do produto. xxend'],gostei xxend
18895,['xxtsart avaliação - americanas. com xxend'],excelente produto xxend
15708,['xxtsart gostei muito do produto!!! xxend'],gostei do produto xxend
26370,"['xxtsart produto falsificado, danos morais, constrangimento xxend']",produto errado xxend
17043,['xxtsart gostei xxend'],Ótimo produto xxend
2811,['xxtsart o tamanho da pelicula é totalmente desalinhada xxend'],não gostei do produto xxend
23482,"['xxtsart smart tv led 49"" philco xxend']",muito bom xxend
14243,['xxtsart porcaria xxend'],não comprem xxend
6546,['xxtsart nao recebi o.produto xxend'],não recebi o produto xxend
25945,['xxtsart valeu a compra xxend'],excelente xxend
1986,['xxtsart excelente custo benefício. xxend'],excelente xxend
8338,['xxtsart melhor não há! xxend'],melhor custo x benefício xxend
11411,['xxtsart o melhor roteador custo benefício xxend'],muito bom xxend
2911,['xxtsart gostei do produto xxend'],produto de baixa qualidade xxend
1734,['xxtsart ótimo produto! xxend'],muito bom xxend
18227,['xxtsart não recebi o produto xxend'],não recebi o produto xxend
8680,['xxtsart não recebi! xxend'],não gostei xxend
19360,['xxtsart muito útil xxend'],linda e linda xxend
18343,['xxtsart duvida xxend'],bom xxend
5759,['xxtsart ótimo  produto xxend'],gostei muito do produto xxend
23078,['xxtsart nostalgia e tecnologia xxend'],muito bom xxend
2385,['xxtsart ótimo xxend'],Ótimo custo benefício xxend
11111,['xxtsart e maravilho esse produto xxend'],muito bom xxend
4736,"['xxtsart bom, mas sem frame de fixação xxend']",gostei xxend
1802,['xxtsart não recebi xxend'],não recebi o produto xxend
8155,['xxtsart péssimo atendimento xxend'],não recebi o produto xxend
8120,['xxtsart gostei muito deste produto xxend'],gostei muito do produto xxend
6616,['xxtsart o atendimento da americana e péssimo. tem 15 dias que estou aguardando a confirmação do pagamento desse produto e não tenho retorno. xxend'],produto nÃo entregue xxend
14257,['xxtsart produto otimo xxend'],muito bom xxend
14486,['xxtsart não ilumina 12w xxend'],bom xxend
21918,['xxtsart gostei muito xxend'],muito bom xxend
20445,['xxtsart meu produto ainda não foi entregue. prazo máximo 10/04/18 xxend'],não recebi o produto xxend
16646,['xxtsart ar condicionado split 9000 btus xxend'],gostei muito do produto xxend
14075,['xxtsart avaliação do aspirador de pó vertical da philco. xxend'],produto de qualidade xxend
22671,['xxtsart ótimo produto xxend'],lindo xxend
25199,['xxtsart armário bom bem dividido só que as prateleiras são um pouco recuadas. xxend'],produto com defeito xxend
9208,['xxtsart amei! xxend'],gostei muito do produto xxend
16371,['xxtsart panelas simples e utensílios ruins... xxend'],produto não entregue xxend
11835,['xxtsart otimo xxend'],excelente xxend
13168,"['xxtsart gostei muito, diferenciada e forte. xxend']",muito bom xxend
2049,['xxtsart anúncio x descrição xxend'],informações xxend
5423,['xxtsart decepcionado xxend'],não gostei do produto xxend
14589,['xxtsart exelente lanterna xxend'],gostei muito do produto xxend
20932,['xxtsart mancha muito! xxend'],não gostei xxend
19492,['xxtsart sensacional !!! xxend'],gostei muito do produto xxend
7158,['xxtsart produto conforme o esperado xxend'],produto de qualidade xxend
10248,['xxtsart ok xxend'],produto muito bom xxend
7400,['xxtsart ofertam e não entregam xxend'],não recebi o produto xxend
19554,['xxtsart bom produto xxend'],gostei do produto xxend
9874,['xxtsart muito bom xxend'],produto de qualidade xxend
15151,['xxtsart ótimo xxend'],excelente xxend
18639,['xxtsart sensacional xxend'],adorei xxend
1154,['xxtsart adoro os produtos ecolumi xxend'],duvida xxend
4499,['xxtsart ótimo custo benefício xxend'],Ótimo produto xxend
6295,['xxtsart conforme anúncio xxend'],gostei muito do produto xxend
22581,['xxtsart não gostei xxend'],não gostei xxend
26272,['xxtsart nem pude testar xxend'],recebi o produto errado xxend
12183,['xxtsart produto com defeito xxend'],produto com defeito xxend
12874,['xxtsart marreta de ouro xxend'],melhor custobenefício xxend
18032,['xxtsart não gostei do produto!!! xxend'],ruim xxend
5539,['xxtsart otimo xxend'],bom produto xxend
9637,['xxtsart recomendo xxend'],produto de qualidade xxend
20583,['xxtsart loja sem compromisso com os clientes xxend'],não recebi o produto xxend
24829,"['xxtsart bom desempenho, ótimo produto xxend']",muito bom xxend
15586,['xxtsart produto ótimo! recomendo xxend'],Ótimo xxend
2557,['xxtsart pessimo produto xxend'],muito bom xxend
5592,"['xxtsart criado muito bonito, porém o mdp é muito fraco ! xxend']",produto de baixa qualidade xxend
16482,['xxtsart não recebi da loja ate agora a mais de um mês de compra.. xxend'],não gostei xxend
2200,['xxtsart péssima qualidade xxend'],péssimo xxend
14172,['xxtsart não recebi o produto xxend'],não recebi o produto xxend
2961,['xxtsart onde está o meu produto xxend'],não recebi o produto xxend
14207,['xxtsart bom xxend'],bom produto xxend
21357,['xxtsart excelente xxend'],Ótimo produto xxend
20817,['xxtsart dá para o gasto xxend'],bom produto xxend
11969,['xxtsart muito linda apaixonada xxend'],amei o produto xxend
2869,['xxtsart amei! xxend'],produto de boa qualidade xxend
17340,['xxtsart excelente! xxend'],amei xxend
13992,['xxtsart gostei ! xxend'],não gostei do produto xxend
24736,['xxtsart enganação xxend'],não é original xxend
5699,"['xxtsart r$ 285,00?! xxend']",bom produto xxend
23328,['xxtsart como na descrição xxend'],bom produto xxend
20877,['xxtsart tive problemas! xxend'],não gostei xxend
25876,['xxtsart minha filha gostou xxend'],bom produto xxend
21295,['xxtsart album  sem figurinhas. xxend'],propaganda enganosa xxend
3987,['xxtsart faltando item xxend'],não gostei xxend
26103,['xxtsart muito bom!!! xxend'],muito bom xxend
22399,['xxtsart não tem nada a ver com o produto anunciado. xxend'],produto com defeito xxend
13446,['xxtsart opinião sobre o produto xxend'],gostei muito do produto xxend
1218,['xxtsart ótimo produto. xxend'],Ótimo produto xxend
20880,['xxtsart péssimo xxend'],não gostei xxend
4735,"['xxtsart não é possível avaliar um produto que não recebi ""ainda"" xxend']",não recebi o produto xxend
11296,['xxtsart muito bonito e colorido xxend'],excelente xxend
4555,['xxtsart cavalinho de brinquedo balanço de pelúcia xxend'],produto muito bom xxend
9146,['xxtsart avaliar oque ainda nem recebi? xxend'],não recebi o produto xxend
8050,['xxtsart gostei muito ! xxend'],excelente xxend
12757,['xxtsart não chegou ainda xxend'],não chegou xxend
19830,['xxtsart muito bom o jogo! xxend'],muito bom xxend
17429,['xxtsart perfeito xxend'],gostei do produto xxend
6893,['xxtsart muito bom xxend'],excelente produto xxend
18077,['xxtsart otimo xxend'],amei xxend
14373,['xxtsart péssimo!! xxend'],enviaram o produto errado xxend
14565,['xxtsart atingiu minhas expectativas xxend'],livro maravilhoso xxend
3436,['xxtsart péssimo. xxend'],produto com defeito xxend
8754,['xxtsart ótimo produto xxend'],Ótimo xxend
10677,['xxtsart satisfeita com a compra xxend'],gostei muito do produto xxend
5895,"['xxtsart não recebi o produto ate agora, como vou saber se é bom ou ruim? xxend']",nao recebi o produto xxend
19738,"['xxtsart lindo, entregou no prazo. excelente compra xxend']",excelente xxend
16609,['xxtsart não gostei. xxend'],não recebi o produto xxend
15636,"['xxtsart amei, é linda , cozinha rápido, fácil de lavar, to mto satisfeita e a entrega bem antes do combinado. parabéns lojas americanas !!! xxend']",muito bom xxend
21277,['xxtsart nao recebi o produto xxend'],não recebi o produto xxend
7022,['xxtsart amei o produto! xxend'],amei xxend
9151,['xxtsart produto maravilhoso xxend'],gostei muito do produto xxend
5600,['xxtsart excelente perfume xxend'],Ótimo produto xxend
7996,['xxtsart ótimo tapete higienico xxend'],não gostei xxend
9007,['xxtsart produto excelente xxend'],muito bom xxend
12946,['xxtsart produto de ótima qualidade xxend'],produto de qualidade xxend
24067,"['xxtsart produto de 1ª linha, gostei muito xxend']",gostei do produto xxend
4642,['xxtsart otimo celular e custo beneficio xxend'],muito bom xxend
11312,['xxtsart decepicionado xxend'],muito ruim xxend
7679,['xxtsart muito boa xxend'],gostei do produto xxend
8208,['xxtsart poderia ser mais completo xxend'],frete xxend
23723,['xxtsart entrega rápida xxend'],gostei muito do produto xxend
25819,['xxtsart gostei do produto xxend'],gostei do produto xxend
18589,['xxtsart amei xxend'],muito bom xxend
10716,['xxtsart não recebi o produto após 30 dias xxend'],não recebi o produto xxend
17453,['xxtsart produto excelente!!! xxend'],produto de qualidade xxend
3444,['xxtsart produto veio mofado xxend'],não gostei xxend
10757,['xxtsart excelente cafeteira xxend'],gostei do produto xxend
14434,['xxtsart não foi entregue - socorro! xxend'],não recebi o produto xxend
1060,['xxtsart uma tv linda e de qualidade... xxend'],gostei muito do produto xxend
18711,['xxtsart elogio xxend'],gostei do produto xxend
3420,['xxtsart ótimo xxend'],muito bom xxend
301,['xxtsart protudo excelente xxend'],gostei do produto xxend
12468,['xxtsart produto ótimo xxend'],muito bom xxend
16990,['xxtsart produto quebrado xxend'],produto com defeito xxend
19554,['xxtsart bom produto xxend'],gostei do produto xxend
699,['xxtsart melhor custo benefício xxend'],gostei muito do produto xxend
21472,['xxtsart gostei do produto xxend'],gostei muito do produto xxend
25715,['xxtsart não veio a cor que eu quero xxend'],produto errado xxend
190,"['xxtsart muito bom, atende perfeitamente ao que propõe. xxend']",melhor custo benefício xxend
10492,['xxtsart produto não enteegue xxend'],não recebi o produto xxend
17364,['xxtsart excelente atendimento. xxend'],produto errado xxend
2975,['xxtsart entrega rápida e produto de qualidade xxend'],muito bom xxend
6102,['xxtsart ótimo produto xxend'],gostei do produto xxend
17568,['xxtsart muito bom o produto xxend'],gostei muito do produto xxend
19711,['xxtsart pessimo xxend'],não gostei xxend
19778,['xxtsart não compre xxend'],não gostei xxend
24703,['xxtsart meu neto gostou muito do produto xxend'],gostei muito do produto xxend
1816,['xxtsart ótimo xxend'],excelente xxend
22238,['xxtsart muito bom! xxend'],Ótimo produto xxend
23093,['xxtsart aprovado xxend'],gostei muito do produto xxend
569,['xxtsart produto chegou com a caixa quebrada xxend'],ainda nao recebi xxend
5442,['xxtsart produto bom xxend'],gostei muito do produto xxend
1895,['xxtsart produto não entregue xxend'],não recebi o produto xxend
19117,"['xxtsart excelente, gostei demais xxend']",excelente xxend
3863,['xxtsart frete xxend'],não gostei do produto xxend
12913,['xxtsart o produto não foi entregue ainda. xxend'],gostei do produto xxend
7455,['xxtsart minha opinião xxend'],excelente xxend
4014,['xxtsart gostei muito do produto xxend'],gostei muito do produto xxend
11093,['xxtsart otimo produto xxend'],produto de qualidade xxend
18070,['xxtsart ótimo xxend'],gostei muito do produto xxend
3009,['xxtsart funcionou bem xxend'],produto de boa qualidade xxend
24190,['xxtsart bom custo benefício xxend'],Ótimo produto xxend
16538,['xxtsart cumpre o que promete xxend'],muito bom xxend
10729,['xxtsart loja não faz entrega xxend'],não gostei xxend
1409,['xxtsart chegou com defeito. xxend'],não gostei xxend
12249,['xxtsart excelente xxend'],muito bom xxend
784,['xxtsart fraco xxend'],produto de baixa qualidade xxend
8096,['xxtsart ótimo produto xxend'],Ótimo produto xxend
7560,['xxtsart bloqueado xxend'],não gostei xxend
12533,['xxtsart produto funcionando muito bem xxend'],gostei muito do produto xxend
7343,['xxtsart recomendo xxend'],não gostei xxend
7206,['xxtsart produto de qualidade péssima xxend'],não recebi o produto xxend
21980,['xxtsart notebook xxend'],produto bom xxend
5801,['xxtsart ótimo produto! xxend'],Ótimo produto xxend
19190,['xxtsart s9 xxend'],Ótimo produto xxend
16921,['xxtsart gostei. xxend'],gostei muito do produto xxend
5986,['xxtsart demora na entrega xxend'],não recebi o produto xxend
18225,['xxtsart muito bom xxend'],produto maravilhoso xxend
10647,['xxtsart produto não muito bom xxend'],produto de baixa qualidade xxend
8716,['xxtsart entregue dentro do prazo xxend'],gostei do produto xxend
23355,['xxtsart excelente escolha xxend'],muito bom xxend
22009,['xxtsart muito bom xxend'],Ótimo xxend
19334,['xxtsart excelente assento xxend'],produto muito bom xxend
24376,['xxtsart não funcionou. xxend'],produto com defeito xxend
12323,['xxtsart gostei do produto xxend'],produto muito bom xxend
4780,['xxtsart não recebi o produto xxend'],não recebi o produto xxend
2368,['xxtsart veio de encontro com meu desejo xxend'],gostei do produto xxend
12039,['xxtsart gostei muito do produto! xxend'],gostei muito do produto xxend
6655,['xxtsart vendedor comprometido xxend'],excelente produto xxend
8173,['xxtsart recomendo xxend'],excelente xxend
4495,['xxtsart bom custo benefício xxend'],bom produto xxend
10893,['xxtsart ótimo super indico xxend'],gostei muito do produto xxend
25547,['xxtsart cumpre com o que promete xxend'],gostei do produto xxend
22386,['xxtsart maria xxend'],Ótimo xxend
22998,['xxtsart não gela como devia xxend'],não gostei xxend
25742,['xxtsart produto entregue quebrado xxend'],produto errado xxend
13403,['xxtsart qual é a fonte? xxend'],não gostei xxend
13121,['xxtsart bom produto xxend'],gostei muito do produto xxend
22303,['xxtsart amei a bolsa xxend'],excelente xxend
10966,['xxtsart excelente xxend'],excelente xxend
853,['xxtsart excelente xxend'],muito bom xxend
20530,['xxtsart produto j´[a veio com defeito xxend'],produto com defeito xxend
20153,['xxtsart ótimo livro xxend'],gostei muito do produto xxend
16958,['xxtsart o produto é excelente xxend'],produto bom xxend
17532,['xxtsart enganação!!!! foi enviado uma réplica do produto!!!! xxend'],produto errado xxend
22677,['xxtsart produto excelente! xxend'],muito bom xxend
22841,['xxtsart ótimo custo benefício xxend'],bom custo benefício xxend
23893,['xxtsart muito bom xxend'],gostei muito do produto xxend
9907,['xxtsart excelente produto xxend'],produto muito bom xxend
4777,['xxtsart ótimo e entrega rápida xxend'],muito bom xxend
20238,['xxtsart recomendo xxend'],produto excelente e barato e de qualidade xxend
15338,['xxtsart maravilhoso xxend'],excelente xxend
2491,['xxtsart muito bom xxend'],bom produto xxend
15328,['xxtsart impecável xxend'],Ótimo produto xxend
14599,['xxtsart fantástico! xxend'],excelente produto xxend
19508,['xxtsart recomendo xxend'],produto muito bom xxend
22075,['xxtsart ótimo! xxend'],excelente xxend
3051,['xxtsart entrega rápida xxend'],muito bom xxend
15979,['xxtsart o pneu é original de fábrica xxend'],gostei xxend
16388,['xxtsart ótima surpe indicado xxend'],muito bom xxend
21606,['xxtsart não recebi meu produto xxend'],nÃo recebi o produto xxend
21699,['xxtsart excelente xxend'],Ótimo produto xxend
21253,['xxtsart otimo xxend'],gostei muito do produto xxend
876,['xxtsart entrega rápida. xxend'],excelente xxend
25567,['xxtsart otimo xxend'],não tem como avaliar xxend
23411,['xxtsart ótimo produto xxend'],gostei muito do produto xxend
4142,['xxtsart gostei muito. xxend'],excelente xxend
15202,['xxtsart aamei este celular e tudo de lindo e bom xxend'],excelente produto xxend
6966,['xxtsart sensacional !!! xxend'],muito bom xxend
7079,['xxtsart excelente compra xxend'],gostei muito do produto xxend
7987,['xxtsart serve bem ao propósito. xxend'],não gostei do produto xxend
6799,['xxtsart excelente para iniciante xxend'],gostei muito do produto xxend
4465,['xxtsart ruim xxend'],produto de baixa qualidade xxend
17019,['xxtsart não gostei xxend'],não gostei xxend
13417,['xxtsart bom. mas já chegou com a lâmpada queimada. xxend'],bom xxend
18077,['xxtsart otimo xxend'],amei xxend
26258,['xxtsart muito excelente o celular xxend'],celular top xxend
21136,['xxtsart gostei muito xxend'],gostei xxend
8311,['xxtsart defeito xxend'],produto com defeito xxend
17214,['xxtsart defeito xxend'],não gostei xxend
14098,['xxtsart bem útil xxend'],muito bom xxend
5177,['xxtsart muito bom xxend'],gostei muito do produto xxend
14262,['xxtsart super satisfeita xxend'],excelente xxend
25945,['xxtsart valeu a compra xxend'],excelente xxend
25316,['xxtsart condomínio feliz xxend'],bom produto xxend
8308,['xxtsart gostei xxend'],produto muito bom xxend
5949,['xxtsart ótimo produto. xxend'],Ótimo xxend
19222,['xxtsart gostei xxend'],gostei do produto xxend
1150,['xxtsart recebi o produto errado xxend'],produto com defeito xxend
23944,['xxtsart bom custo beneficio xxend'],Ótimo produto xxend
1931,['xxtsart avaliação xxend'],gostei muito do produto xxend
9204,['xxtsart produto normal xxend'],frete muito do produto xxend
18048,['xxtsart muito sensivel a defeito. xxend'],não gostei xxend
1081,['xxtsart obra histórica maravilhosa xxend'],perfume falso xxend
16896,['xxtsart amei xxend'],muito bom xxend
13407,['xxtsart demora xxend'],não recebi o produto xxend
7805,['xxtsart 4 xxend'],produto nÃo entregue xxend
5237,['xxtsart confortavel xxend'],não gostei xxend
16943,['xxtsart cor xxend'],gostei xxend
20056,['xxtsart excelente produto xxend'],gostei do produto xxend
12775,['xxtsart não recebi!  ainda xxend'],não recebi o produto xxend
23788,['xxtsart gostei deste produto xxend'],produto muito ruim xxend
16244,['xxtsart balanço e temporizador pararam de funcionar após primeiro uso. xxend'],produto com defeito xxend
13184,['xxtsart meu celular xxend'],gostei muito do produto xxend
3343,['xxtsart envolvente xxend'],não recomendo xxend
13500,['xxtsart ótima qualidade xxend'],gostei do produto xxend
20454,['xxtsart bom xxend'],não recebi o produto xxend
9662,['xxtsart ótimo produto xxend'],muito bom xxend
16964,['xxtsart à  desejar xxend'],não gostei do produto xxend
15125,['xxtsart empresa não entrega o produto certo xxend'],não recebi o produto xxend
23388,['xxtsart descosturou xxend'],produto com defeito xxend
8130,['xxtsart o produto me surpreendeu! xxend'],excelente xxend
19531,"['xxtsart pequeno, portátil e potente xxend']",muito bom xxend
20633,['xxtsart horrível xxend'],não gostei xxend
1679,['xxtsart pedagogia 300 questões comentadas de provas e conursos xxend'],não chegou xxend
3506,['xxtsart otimo xxend'],muito bom xxend
13284,['xxtsart chegou tudo em ordem xxend'],gostei do produto xxend
7253,['xxtsart gostei. xxend'],excelente produto xxend
19128,['xxtsart produto ótimo! xxend'],gostei do produto xxend
9435,['xxtsart squeeze xxend'],não gostei xxend
21572,['xxtsart insatisfação no uso xxend'],não gostei xxend
11310,['xxtsart vale a pena ter um xxend'],gostei muito do produto xxend
13296,['xxtsart produto bom xxend'],produto de entrega xxend
18525,['xxtsart batedeira perfeita! xxend'],excelente produto xxend
13245,['xxtsart excelente xxend'],muito bom xxend
11151,['xxtsart excelente xxend'],gostei muito do produto xxend
10457,['xxtsart gostei muito do produto xxend'],gostei muito do produto xxend
23001,['xxtsart excelente xxend'],gostei muito do produto xxend
2479,['xxtsart excelenteeeee xxend'],muito bom xxend
22868,['xxtsart otimo xxend'],gostei do produto xxend
26211,['xxtsart muito bom xxend'],produto muito bom xxend
23805,"['xxtsart produto ""maromeno"" xxend']",não gostei xxend
26333,"['xxtsart horrivel, nunca chegou xxend']",não recebi o produto xxend
4452,['xxtsart gostei muito xxend'],muito bom xxend
5881,"['xxtsart é boa, mas a pipoca cai fora do recipiente. xxend']",não gostei xxend
23049,['xxtsart produto muito bom e cor perfeita! xxend'],produto de qualidade xxend
14069,['xxtsart bom xxend'],gostei xxend
2849,['xxtsart gostei do produto xxend'],produto muito bom xxend
7390,['xxtsart satisfeito xxend'],excelente xxend
23289,['xxtsart produto bom xxend'],excelente xxend
11922,['xxtsart produto ótimo. r comemdo xxend'],excelente produto xxend
2489,['xxtsart samsung j5 pro é um excelente produto! xxend'],excelente produto xxend
9823,['xxtsart cumpre o que promete xxend'],produto de qualidade xxend
9207,['xxtsart passou do prazo de entrega xxend'],produto de entrega xxend
9540,['xxtsart otimo produto xxend'],gostei do produto xxend
16364,['xxtsart otima leitura xxend'],muito bom xxend
4611,['xxtsart excelente produto xxend'],excelente xxend
19223,['xxtsart compativel xxend'],produto de boa qualidade xxend
24911,['xxtsart recomendo comprar xxend'],muito bom xxend
5878,['xxtsart moto x4 xxend'],gostei xxend
16347,['xxtsart muito bom por um ótimo preço xxend'],muito bom xxend
25471,['xxtsart muito bom! xxend'],Ótimo produto xxend
22687,['xxtsart produto exelente xxend'],gostei muito do produto xxend
851,['xxtsart joilson xxend'],produto de péssima qualidade xxend
18071,['xxtsart está caro xxend'],não é original xxend
6833,['xxtsart gostei muito do produto xxend'],gostei xxend
11938,['xxtsart produto indisponível e consta para efetuar  a compra xxend'],não recebi o produto xxend
2427,['xxtsart decepcionada com as americanas xxend'],não recebi o produto xxend
26144,['xxtsart não é o produto que comprei xxend'],produto com defeito xxend
4000,['xxtsart bom produto. xxend'],gostei muito do produto xxend
5052,['xxtsart mt bom! xxend'],muito bom xxend
2738,['xxtsart maravilhoso xxend'],muito bom xxend
22116,['xxtsart me enviaram o produto errado xxend'],produto com defeito xxend
5387,['xxtsart não recebi o produto xxend'],não recebi o produto xxend
8002,['xxtsart não recebi o produto até hoje. xxend'],não recebi o produto xxend
5536,['xxtsart atende às expectativas xxend'],bom produto xxend
13479,['xxtsart muito frágil e veio quebrado xxend'],não gostei xxend
3913,['xxtsart estou satisfeita xxend'],não é o que se é muito bom xxend
17450,['xxtsart não esquenta xxend'],gostei muito do produto xxend
24107,['xxtsart otimo! xxend'],produto de baixa qualidade xxend
20764,['xxtsart muito bom xxend'],muito bom xxend
10636,['xxtsart nao recebi xxend'],comprei e nao recebi o produto xxend
20491,['xxtsart ótimo xxend'],Ótimo produto xxend
5726,['xxtsart péssimo produto xxend'],produto com defeito xxend
3373,['xxtsart gostei muito do produto xxend'],gostei muito do produto xxend
12161,['xxtsart o produto e tudo que diz no manual...muito bom!!! xxend'],muito bom xxend
25329,['xxtsart custo beneficio para leituras xxend'],bom custo benefício xxend
2082,['xxtsart foto enganosa xxend'],não gostei do produto xxend
25351,['xxtsart o produto não chegou xxend'],não recebi o produto xxend
23132,['xxtsart muito boa xxend'],excelente xxend
16281,['xxtsart qualidade do produto xxend'],gostei do produto xxend
15305,['xxtsart gostei muito do produto! xxend'],gostei muito do produto xxend
9817,['xxtsart 0 xxend'],produto com defeito xxend
11261,['xxtsart chegou muito antes do prazo ! xxend'],produto chegou com defeito xxend
417,['xxtsart muito bom!!! xxend'],gostei muito do produto xxend
24690,['xxtsart ótimo produto xxend'],gostei xxend
8808,['xxtsart gostei do produto xxend'],gostei do produto xxend
20358,['xxtsart borracha de sucção veio com defeito xxend'],produto com defeito xxend
3267,['xxtsart recebi meu produto errado diferente do meu pedido xxend'],produto errado xxend
17209,['xxtsart produto todo torto xxend'],produto de qualidade xxend
24052,['xxtsart não gostei do produto xxend'],gostei xxend
5745,['xxtsart melhor iphone de todos! xxend'],excelente produto xxend
26092,['xxtsart excelente! xxend'],gostei muito do produto xxend
11338,['xxtsart maravilhoso!!!!!!!!!! xxend'],gostei xxend
412,['xxtsart muito satisfeita com o produto xxend'],gostei muito do produto xxend
7543,['xxtsart produto excelente xxend'],gostei muito do produto xxend
7587,['xxtsart gosto muito dessas fragrâncias... xxend'],produto de qualidade xxend
728,['xxtsart smartphone com um valor acessível xxend'],bom mas não tem como posso avaliar xxend
23548,['xxtsart bom xxend'],bom xxend
25251,"['xxtsart ótima fragrância, xxend']",produto muito bom xxend
11657,['xxtsart potente e prático xxend'],muito bom xxend
5988,['xxtsart excelente xxend'],produto muito bom xxend
18888,"['xxtsart horrível, deram a câmera usada xxend']",não gostei xxend
2967,['xxtsart serra meio esquadrias xxend'],não gostei xxend
14527,['xxtsart bom produto xxend'],bom produto xxend
19170,['xxtsart não entregam! xxend'],nÃo recebi o produto xxend
16048,['xxtsart adorei o produto xxend'],excelente xxend
17506,['xxtsart regularmente bom xxend'],Ótimo produto xxend
20463,['xxtsart atende ao que eu desejava xxend'],não é tão bom xxend
17955,['xxtsart recomendo xxend'],muito bom xxend
5073,['xxtsart loja nao cumpriu o que estava escrito xxend'],não comprem xxend
5104,['xxtsart perfeito xxend'],Ótimo produto xxend
2143,['xxtsart propaganda enganosa xxend'],péssimo xxend
26263,['xxtsart amei!! xxend'],excelente produto xxend
23190,['xxtsart cadeirinha prática xxend'],excelente xxend
7357,"['xxtsart recomendo, gostei muito do produto! xxend']",parabéns pela agilidade na entrega e entrega xxend
12043,['xxtsart recomento bastante este aparelho para usuários menos exigentes! xxend'],Ótimo produto xxend
3440,['xxtsart perfume veio vazando e sem tampa xxend'],propaganda enganosa xxend
20150,['xxtsart cabide xxend'],gostei xxend
5644,['xxtsart muito bom xxend'],gostei muito do produto xxend
10518,['xxtsart amei minha impressora xxend'],produto de qualidade xxend
14552,['xxtsart não gostei porque mesmo  estando no volume maxmo demora muito pra equentar. xxend'],não gostei do produto xxend
2914,['xxtsart decepção xxend'],nÃo recebi o produto xxend
21352,['xxtsart mas meu produto não foi entregue e eu paguei no boleto e quero saber como vai me reembolsar????????? xxend'],não recebi o produto xxend
22301,['xxtsart celular esquentando xxend'],celular xxend
13584,['xxtsart avaliação  vassoura mágica xxend'],gostei muito do produto xxend
12144,['xxtsart gostei! xxend'],gostei muito do produto xxend
14397,['xxtsart gostei muito do produto! xxend'],gostei muito do produto xxend
8787,['xxtsart um livro muito bom xxend'],adorei xxend
14191,['xxtsart ótimo produto xxend'],ótimo produto xxend
728,['xxtsart smartphone com um valor acessível xxend'],bom mas não tem como posso avaliar xxend
17749,['xxtsart produto faltando xxend'],produto errado xxend
20876,"['xxtsart maquina de gira roupas, só gira. xxend']",não gostei xxend
698,['xxtsart não gostei muito xxend'],gostei do produto xxend
7186,['xxtsart excelente xxend'],excelente xxend
14512,['xxtsart adorei xxend'],Ótimo produto xxend
13923,['xxtsart um excelente produto. xxend'],gostei do produto xxend
16779,['xxtsart kit manutenção xxend'],não gostei xxend
7400,['xxtsart ofertam e não entregam xxend'],não recebi o produto xxend
24466,['xxtsart recomendo. xxend'],gostei do produto xxend
4171,['xxtsart gostei do prazo de entrega xxend'],produto bom xxend
4360,['xxtsart muito bom!!! xxend'],gostei muito do produto xxend
2502,['xxtsart nao vale a pena xxend'],bom produto xxend
26395,['xxtsart muito satisfeita xxend'],muito bom xxend
17101,['xxtsart não comprem os entregadores entregaram na cidade errada xxend'],nao recebi meu produto xxend
19166,"['xxtsart produto ruim, não recomendo xxend']",não gostei xxend
21330,['xxtsart linda. xxend'],perfume xxend
5486,['xxtsart 5 estrela xxend'],excelente xxend
8335,['xxtsart bom xxend'],ainda não recebi xxend
21364,"['xxtsart excelente! recomendado a todos, sem exceção ou restrição. xxend']",Ótimo produto xxend
23650,['xxtsart lindo xxend'],produto muito bom xxend
4491,['xxtsart problemas na operação xxend'],bom xxend
23576,['xxtsart anúncio que leva ao erro! cuidado! xxend'],não é o que não é original xxend
11130,['xxtsart gostei bastante! xxend'],produto ótimo xxend
21972,['xxtsart muito bom o moto x4 xxend'],excelente xxend
7651,['xxtsart muito bom xxend'],muito bom xxend
20020,['xxtsart não é da bandai xxend'],não recebi o produto xxend
1167,['xxtsart ótimo custo beneficio! xxend'],boa xxend
1062,['xxtsart produto bom xxend'],produto de qualidade xxend
18540,['xxtsart não gostei xxend'],falso xxend
24244,['xxtsart demora na entrega xxend'],não recebi o produto xxend
21545,['xxtsart bom xxend'],gostei xxend
21689,['xxtsart gostei muito do produto xxend'],gostei muito do produto xxend
11174,['xxtsart prático xxend'],bom xxend
22925,['xxtsart entrega incompatível xxend'],péssimo atendimento xxend
4729,['xxtsart ótimo xxend'],Ótimo produto xxend
9348,['xxtsart excelente! xxend'],produto de acordo com o produto xxend
23714,['xxtsart meu protetor de sofa nao chegou xxend'],nao chegou xxend
5334,['xxtsart produto não corresponde a capacidade do anúncio xxend'],produto não entregue xxend
8924,['xxtsart dez xxend'],excelente xxend
4330,['xxtsart muito bom xxend'],muito bom xxend
24394,['xxtsart muito bom! xxend'],produto muito bom xxend
6801,['xxtsart muito bom para voce ver suas informações em todos angulos xxend'],muito bom xxend
4846,['xxtsart produto excelente e ótimo preço xxend'],excelente produto xxend
6731,['xxtsart avaliação inicial xxend'],produto de qualidade xxend
15368,"['xxtsart entregar que é bom, nada! xxend']",não recebi o produto xxend
23625,['xxtsart nota 10 xxend'],gostei muito do produto xxend
17337,['xxtsart muito bom xxend'],muito bom xxend
2539,['xxtsart aumentou o preço xxend'],nao é o que eu queria xxend
7056,['xxtsart defeito xxend'],não gostei xxend
11516,['xxtsart ótimo xxend'],Ótimo produto xxend
11493,['xxtsart excelente .. xxend'],produto bom xxend
1542,['xxtsart não gostei do produto xxend'],não gostei xxend
21677,['xxtsart qualidade xxend'],gostei do produto xxend
13964,['xxtsart comprei um produto e recebi outro xxend'],nao gostei xxend
17575,['xxtsart bom produto xxend'],bom produto xxend
6313,['xxtsart ainda não recebi!! xxend'],não recebi o produto xxend
23322,['xxtsart propaganda enganosa xxend'],péssimo produto xxend
19065,['xxtsart top xxend'],gostei muito do produto xxend
25793,['xxtsart produto não funciona xxend'],não gostei xxend
17924,['xxtsart perfeita!!! xxend'],amei xxend
22556,['xxtsart gostei muito! xxend'],produto de qualidade xxend
21925,['xxtsart produto xxend'],Ótimo produto xxend
13807,['xxtsart imagem meramente ilustrativa??? xxend'],não gostei xxend
9580,['xxtsart ar inverter electrolux xxend'],Ótimo produto xxend
26432,['xxtsart ruim xxend'],não comprem xxend
17749,['xxtsart produto faltando xxend'],produto errado xxend
8691,['xxtsart excelente xxend'],excelente xxend
26256,['xxtsart orrível odiei o produto xxend'],muito bom xxend
25086,['xxtsart excelente xxend'],excelente produto xxend
7494,['xxtsart simples e eficiente xxend'],produto muito bom xxend
4312,['xxtsart nao entrega xxend'],não recebi o produto xxend
1324,['xxtsart eu gostei! xxend'],Ótimo produto xxend
25731,['xxtsart bom xxend'],produto de boa qualidade xxend
26403,['xxtsart bom xxend'],bom xxend
3141,['xxtsart não recebi este produto e até hoje não tive um retorno do que pode ter acontecido. xxend'],nÃo recebi o produto xxend
23803,['xxtsart ameiiiii xxend'],muito bom xxend
19870,['xxtsart tapete felpudo xxend'],muito lindo xxend
1810,['xxtsart recomendo o produto xxend'],gostei xxend
6588,['xxtsart muito bom adorei xxend'],gostei muito do produto xxend
19307,['xxtsart thor está com inveja da minha marreta xxend'],maravilhoso xxend
5301,['xxtsart gostei muito xxend'],gostei do produto xxend
20570,['xxtsart produto atende as expectativas xxend'],bom produto xxend
25289,['xxtsart cama elástica 2.44 xxend'],excelente xxend
22361,['xxtsart livro ótimo xxend'],muito bom xxend
15485,['xxtsart o produto é ótimo xxend'],gostei do produto xxend
11714,['xxtsart produto com defeito xxend'],produto com defeito xxend
20652,['xxtsart proteção necessária xxend'],excelente xxend
4748,['xxtsart perfeito xxend'],gostei muito do produto xxend
21233,['xxtsart tv smart sempre toshiba xxend'],gostei muito do produto xxend
9435,['xxtsart squeeze xxend'],não gostei xxend
3709,['xxtsart produto ok! xxend'],gostei do produto xxend
25657,['xxtsart ainda não instalei xxend'],gostei xxend
23003,['xxtsart otima xxend'],excelente xxend
25031,['xxtsart linda boneca xxend'],gostei muito do produto xxend
13116,['xxtsart bom xxend'],gostei do produto xxend
25470,['xxtsart estagiário esta de ressaca ainda xxend'],produto de qualidade xxend
9576,['xxtsart bom produto xxend'],bom custo benefício xxend
10150,['xxtsart falsso xxend'],não gostei xxend
19456,['xxtsart prático e leve xxend'],gostei muito do produto xxend
6530,['xxtsart bom xxend'],gostei do produto xxend
10188,['xxtsart casamento xxend'],gostei xxend
14683,['xxtsart produto muito bom xxend'],produto fraco xxend
504,['xxtsart não comprem! xxend'],não gostei xxend
1214,['xxtsart recomendo xxend'],gostei xxend
1531,['xxtsart faltando peças xxend'],produto com defeito xxend
23960,['xxtsart muito bom! xxend'],adorei xxend
823,['xxtsart top xxend'],gostei do produto xxend
17312,['xxtsart produto bom xxend'],não recebi o produto xxend
5029,['xxtsart muito bom! xxend'],produto muito bom xxend
13428,['xxtsart moto g5s xxend'],excelente produto xxend
16517,['xxtsart vale a pena xxend'],excelente produto xxend
2105,['xxtsart produto excelente xxend'],gostei muito do produto xxend
3627,['xxtsart excelente produto xxend'],excelente produto xxend
12972,['xxtsart produto ok. caixa péssima xxend'],produto errado xxend
22700,['xxtsart produto  muito forte xxend'],produto bom e barato xxend
1852,['xxtsart surpreendente xxend'],excelente xxend
4910,"['xxtsart recomendo, chegou com 20 dias de antecedência muito boa. xxend']",excelente produto xxend
20559,['xxtsart pingente lindo xxend'],gostei xxend
11003,['xxtsart gostei do produto xxend'],gostei muito do produto xxend
21732,['xxtsart parabéns americanas!!! xxend'],nÃo recebi o produto xxend
25826,['xxtsart muito bom xxend'],bom produto xxend
13843,['xxtsart produto bom xxend'],bom produto xxend
11704,"['xxtsart fácil de usar, porém frágil. xxend']",produto de baixa qualidade xxend
15761,['xxtsart gostei muito do ptofuto xxend'],muito bom xxend
6190,['xxtsart muito bom xxend'],muito bom xxend
17640,['xxtsart produto excelente xxend'],muito bom xxend
19760,['xxtsart excelente produto xxend'],excelente produto xxend
5645,['xxtsart entrega só pra quem tem muuuuuita paciência xxend'],comprei e não recebi meu produto xxend
19870,['xxtsart tapete felpudo xxend'],muito lindo xxend
19968,"['xxtsart entrega realizada com sucesso, e jogo excelente!! xxend']",excelente produto xxend
9588,['xxtsart excelente. xxend'],gostei do produto xxend
11829,['xxtsart ainda nao recebi xxend'],não recebi o produto xxend
8053,['xxtsart cama box bau viuva preto xxend'],não gostei xxend
3330,['xxtsart ótimo xxend'],produto de qualidade xxend
19087,['xxtsart mto fraco xxend'],produto xxend
8662,['xxtsart produto maravilhoso xxend'],excelente xxend
24504,"['xxtsart gostei, recomendo xxend']",gostei muito do produto xxend
7114,['xxtsart não recebi o produto xxend'],não gostei do produto xxend
13323,['xxtsart produto prático xxend'],muito bom xxend
1353,['xxtsart falta de peça xxend'],gostei xxend
10975,['xxtsart gostei do produto xxend'],produto muito bom xxend
11023,['xxtsart om3 gold 1000 xxend'],excelente xxend
21447,['xxtsart não sei xxend'],não recebi xxend
24933,['xxtsart otimo xxend'],gostei xxend
23959,['xxtsart comprei para meu filho muito bom xxend'],Ótimo xxend
667,['xxtsart gostei xxend'],gostei xxend
20852,['xxtsart produto excelente e pratico xxend'],muito bom xxend
9337,['xxtsart produto xxend'],Ótimo produto xxend
13659,['xxtsart gostei muito xxend'],gostei xxend
23203,['xxtsart bom xxend'],gostei muito do produto xxend
3719,['xxtsart ótimo produto xxend'],otimo xxend
19129,['xxtsart otimo jogo com jogabilidade complexa xxend'],bom xxend
7483,['xxtsart gênero de 1ª  necessidade. xxend'],produto muito bom xxend
539,['xxtsart produto perfeito e ótima loja xxend'],produto com defeito xxend
4964,['xxtsart ótimo produto xxend'],muito bom xxend
4835,['xxtsart ótimo produto xxend'],Ótimo produto xxend
20159,['xxtsart simples e confortável xxend'],bom produto xxend
6042,['xxtsart otimo xxend'],Ótimo produto xxend
14837,['xxtsart gostei muito do produto xxend'],muito bom xxend
23486,['xxtsart gostei muito do produto! xxend'],gostei muito do produto xxend
7312,['xxtsart atende perfeitamente o que foi proposto! xxend'],bom custo benefício xxend
5320,['xxtsart ótima xxend'],produto muito bom xxend
13216,['xxtsart material de ótima qualidade xxend'],produto muito bom xxend
22516,['xxtsart 10 xxend'],produto muito bom xxend
24275,['xxtsart ruim xxend'],não recebi o produto xxend
2779,['xxtsart gostei muito...satisfatorio xxend'],muito bom xxend
17308,['xxtsart avaliação do produto xxend'],boneca é muito caro xxend
1581,['xxtsart a bíblia é bonita mais tem o porém xxend'],linda xxend
24098,['xxtsart péssimo produto! xxend'],não gostei xxend
19708,['xxtsart cadê meu coturno????? xxend'],ainda não recebi xxend
12677,['xxtsart como comprar uma tv que consome 1kw/h.... quem consegue pagar a conta de energia? xxend'],bom produto xxend
5713,['xxtsart produto de ótima qualidade! xxend'],gostei muito do produto xxend
23410,['xxtsart gostei muito xxend'],gostei muito do produto xxend
16639,['xxtsart eu nem recebi xxend'],não recebi o produto xxend
4804,['xxtsart tudo certo xxend'],gostei muito do produto xxend
18222,['xxtsart muito bom xxend'],muito bom xxend
10136,['xxtsart not i3 samsung 1t hd 4 mem xxend'],muito bom xxend
9,['xxtsart produto ainda não recebido xxend'],não recebi o produto xxend
19255,['xxtsart excelente xxend'],excelente xxend
25373,['xxtsart gostei muito do produto . xxend'],excelente produto xxend
23793,['xxtsart gostei muito deste produto xxend'],gostei muito do produto xxend
23802,['xxtsart jogo divertido xxend'],gostei xxend
5124,"['xxtsart ameei! lindo, prático, funcional e criativo... xxend']",Ótimo produto xxend
1015,"['xxtsart gostei do purificador, mas instalação gerou problemas xxend']",não gostei xxend
26400,['xxtsart projetor acer 1223 xga xxend'],excelente xxend
2193,['xxtsart o produto é ótimo xxend'],gostei do produto xxend
8415,['xxtsart muito bom.... xxend'],gostei muito do produto xxend
13550,['xxtsart produto muito bom! xxend'],produto muito bom xxend
14512,['xxtsart adorei xxend'],Ótimo produto xxend
23833,['xxtsart recomendadíssimo!!!!!!! xxend'],muito bom xxend
4158,['xxtsart envelopes resistentes xxend'],gostei xxend
20309,['xxtsart demora p assar xxend'],produto errado xxend
6970,['xxtsart ruim xxend'],não recebi o produto xxend
6938,['xxtsart ótimo produto xxend'],Ótimo produto xxend
21168,['xxtsart excelente xxend'],gostei muito do produto xxend
13772,['xxtsart gostei xxend'],produto muito bom xxend
20384,['xxtsart smart tv led 55 lg xxend'],excelente xxend
18017,['xxtsart perfeito xxend'],excelente xxend
10344,['xxtsart recomendo o produto xxend'],gostei muito do produto xxend
7266,['xxtsart não recomendo americanas.com para ninguém xxend'],produto com defeito xxend
8702,['xxtsart excelente! xxend'],produto de qualidade xxend
384,['xxtsart capa de violão super boa. xxend'],muito bom xxend
404,['xxtsart propaganda enganosa xxend'],não gostei do produto xxend
8175,"['xxtsart película trincada, capa protetora de outro aparelho xxend']",veio com defeito xxend
15158,['xxtsart jogo xbox one xxend'],muito bom xxend
12763,['xxtsart bom produto xxend'],bom xxend
18384,['xxtsart tudo certo xxend'],gostei muito do produto xxend
9860,"['xxtsart fotos maravilhosas, mas.. xxend']",excelente produto xxend
5989,['xxtsart produto de ótima qualidade xxend'],gostei muito do produto xxend
15106,['xxtsart recomendo xxend'],gostei muito do produto xxend
17844,['xxtsart prático xxend'],muito bom xxend
23574,['xxtsart não fiquei muito satisfeita xxend'],não gostei xxend
23524,['xxtsart celular muito bom xxend'],gostei muito do produto xxend
3636,['xxtsart demora na entrega xxend'],bom xxend
10916,['xxtsart gostei muito do produto xxend'],gostei muito do produto xxend
4809,['xxtsart pura estrategia de marketing xxend'],excelente produto xxend
20562,['xxtsart gostei xxend'],muito bom xxend
13456,['xxtsart valeu a pena xxend'],bom produto xxend
15444,['xxtsart excelente produto xxend'],excelente produto xxend
23629,['xxtsart 50 tons de liberdade xxend'],otimo xxend
22984,['xxtsart troca do produto que entregaram xxend'],produto com defeito xxend
5997,['xxtsart o produto é bom atende as expectativas. xxend'],não gostei do produto xxend
2048,['xxtsart excelente. xxend'],gostei do produto xxend
12338,['xxtsart adorei o celular xxend'],amei xxend
21164,['xxtsart ótimo produto ! xxend'],produto maravilhoso xxend
17100,['xxtsart quero devolver e quero meu dinheiro de volta xxend'],recebi o produto errado xxend
24323,['xxtsart gostei muito valeu a compra xxend'],amei xxend
21949,['xxtsart não recebi o produto xxend'],não recebi o produto xxend
4544,['xxtsart problema xxend'],não gostei do produto xxend
4976,['xxtsart gostei mas não veio igual da foto xxend'],gostei do produto xxend
12775,['xxtsart não recebi!  ainda xxend'],não recebi o produto xxend
10015,['xxtsart tatetudo xxend'],amei xxend
3419,['xxtsart deixou a desejar xxend'],o produto veio com defeito xxend
14430,['xxtsart péssimo produto! xxend'],não gostei xxend
7239,['xxtsart produto não chegou... já se passaram 2 meses. xxend'],nÃo comprem xxend
26150,['xxtsart maravilhosa xxend'],lindo xxend
14489,['xxtsart péssima entrega xxend'],nÃo recebi o produto xxend
16633,['xxtsart cuscuzeira enferrujada xxend'],produto falso xxend
25249,['xxtsart funciona xxend'],excelente xxend
10357,['xxtsart muito bom xxend'],muito bom xxend
17154,['xxtsart não compre xxend'],não gostei xxend
4363,['xxtsart ótima compra xxend'],gostei muito do produto xxend
10176,['xxtsart melhor que um helicópero xxend'],produto de boa qualidade xxend
17461,['xxtsart regular xxend'],gostei do produto xxend
8427,['xxtsart muito bom xxend'],bom produto xxend
8580,['xxtsart excelente xxend'],muito bom xxend
24285,['xxtsart gostei bastante! xxend'],excelente produto xxend
4858,['xxtsart não funciona xxend'],produto de qualidade xxend
10040,['xxtsart excelente xxend'],lindo xxend
22928,['xxtsart muito boa leitura xxend'],gostei muito do produto xxend
21103,['xxtsart insatisfação xxend'],não recebi o produto xxend
19198,['xxtsart bom produto xxend'],bom xxend
19758,['xxtsart gosto muito desse varal xxend'],muito bom xxend
15254,['xxtsart péssimo atendimento xxend'],não recebi o produto xxend
11470,['xxtsart propaganda enganosa xxend'],não gostei xxend
1252,['xxtsart melhor custo-benefício xxend'],Ótimo produto xxend
6996,['xxtsart recebi outro modelo xxend'],nao recebi o produto xxend
12173,"['xxtsart prático, mas pouco resistente xxend']",produto muito fraco xxend
4673,['xxtsart muito bom xxend'],gostei muito do produto xxend
20914,['xxtsart excelente livro. xxend'],muito bom xxend
15781,['xxtsart excelente qualidade. xxend'],produto muito bom xxend
13051,['xxtsart churrasqueira eletrica xxend'],excelente xxend
6881,['xxtsart perfeito xxend'],produto de boa qualidade xxend
6949,['xxtsart nao recebi! xxend'],nao recebi o produto xxend
9521,['xxtsart gostei muito xxend'],gostei muito do produto xxend
22625,['xxtsart adorei xxend'],excelente xxend
8017,['xxtsart ótima cadeirinha xxend'],gostei xxend
6941,['xxtsart não confere xxend'],não gostei do produto xxend
25934,['xxtsart por enquanto xxend'],bom xxend
23386,['xxtsart ótimo produto xxend'],muito bom xxend
10209,['xxtsart .uma das melhores aquisições que já fiz! xxend'],excelente xxend
17715,['xxtsart veio com defeito xxend'],produto com defeito xxend
20645,['xxtsart bom xxend'],excelente xxend
24032,['xxtsart fornos xxend'],gostei do produto xxend
9550,['xxtsart tv monitor veio com defeito no display. xxend'],produto com defeito xxend
21499,['xxtsart péssimo produto! xxend'],não gostei do produto xxend
4637,['xxtsart não recebi o produto completo xxend'],produto não funciona xxend
4854,['xxtsart super recomendo xxend'],amei xxend
19561,['xxtsart ótima serra para trabalhos não industriais xxend'],melhor custo benefício xxend
24114,['xxtsart avaliação xxend'],muito bom xxend
10320,['xxtsart lindo e confortável xxend'],muito bom xxend
18564,['xxtsart ótimo produto xxend'],Ótimo xxend
4892,['xxtsart muito bom o celular xxend'],muito bom xxend
7043,['xxtsart gostei muito! xxend'],amei xxend
16521,['xxtsart bom xxend'],bom xxend
22711,['xxtsart gostei xxend'],produto bom xxend
19856,['xxtsart tempo de amar xxend'],gostei muito do produto xxend
21833,"['xxtsart entrega uma semana atrasada, americanas uma vergonha xxend']",não gostei xxend
19216,['xxtsart meu neto adorou o jogo. xxend'],muito bom xxend
19963,['xxtsart muito bom! xxend'],excelente produto xxend
22355,['xxtsart telefone trava - câmera desfocaliza xxend'],não gostei do produto xxend
4164,['xxtsart ótimo xxend'],gostei muito do produto xxend
7941,['xxtsart muito bom... xxend'],gostei muito do produto xxend
14388,['xxtsart adorei xxend'],excelente produto xxend
5569,['xxtsart gostei xxend'],excelente xxend
4300,['xxtsart perfeito!!! xxend'],gostei do produto xxend
6269,"['xxtsart tramontina, qualidade sempre xxend']",excelente produto xxend
3818,['xxtsart gostei muito do produto xxend'],excelente xxend
12015,['xxtsart produto chegou xxend'],gostei muito do produto xxend
12234,['xxtsart tudo certo xxend'],muito bom xxend
18290,['xxtsart depilador ótimo xxend'],amei xxend
6254,['xxtsart não comprem xxend'],nÃo recebi o produto xxend
17144,['xxtsart detestei xxend'],não gostei do produto xxend
24214,['xxtsart ótimo produto xxend'],não gostei xxend
7350,['xxtsart no xxend'],não recebi o produto xxend
15183,['xxtsart otimo xxend'],adorei xxend
6238,['xxtsart arrependimento. xxend'],não recebi o produto xxend
6090,['xxtsart a imagem apresentada não corresponde às dimensões reais do produto! xxend'],não gostei xxend
11637,['xxtsart gostei xxend'],gostei do produto xxend
22415,['xxtsart perfume dolce e gabbana masculino clássico. xxend'],excelente produto xxend
24071,['xxtsart eu classifico tudo como excelente xxend'],bom xxend
25475,['xxtsart a mh afilhada adorou xxend'],gostei xxend
12647,['xxtsart shampoo the first xxend'],produto de qualidade xxend
9911,['xxtsart não funciona em todos os galões xxend'],bom produto xxend
8472,['xxtsart não compre o livro carreiras do ibama xxend'],o produto é lindo mas não é o produto xxend
18271,['xxtsart devolucao xxend'],veio quebrado xxend
3266,['xxtsart excelente xxend'],produto de qualidade xxend
666,['xxtsart batetia da samsung xxend'],produto excelente xxend
4188,['xxtsart está quente? pode comprar ar da gree!!! xxend'],muito bom xxend
17055,['xxtsart ótimo produto xxend'],produto muito bom xxend
10161,['xxtsart excelente produto !!! xxend'],excelente xxend
23161,['xxtsart muito bom xxend'],muito bom xxend
11314,['xxtsart ele chega onde vassouras e aspiradores não consegueme. xxend'],Ótimo produto xxend
23954,['xxtsart pequeno xxend'],produto é bom xxend
24340,['xxtsart amei xxend'],excelente xxend
21508,['xxtsart muito bom produto xxend'],muito bom xxend
21969,['xxtsart gaveta nao abre automaticamente xxend'],falsificado xxend
12891,['xxtsart muito bom xxend'],muito bom xxend
4777,['xxtsart ótimo e entrega rápida xxend'],muito bom xxend
3900,['xxtsart celular excelente xxend'],Ótimo produto xxend
23061,['xxtsart demora na entrega xxend'],não gostei xxend
13716,['xxtsart tempo e dinheiro perdido xxend'],nÃo comprem xxend
6981,['xxtsart confortável xxend'],gostei muito do produto xxend
6376,['xxtsart excelente xxend'],produto muito bom xxend
16907,['xxtsart razoável e inspirador xxend'],produto muito bom xxend
18777,['xxtsart adorei o produto xxend'],Ótimo produto xxend
18977,['xxtsart muito bom. xxend'],produto muito bom xxend
10160,['xxtsart razoável xxend'],não gostei do produto xxend
26329,['xxtsart jogo de lençol queen art premium xxend'],produto de péssima qualidade xxend
14124,['xxtsart telefone muito  bom xxend'],não gostei xxend
16282,['xxtsart o produto foi conforme eu esperava! xxend'],gostei muito do produto xxend
